N;Funding Year;Línea de Investigación;Research Lines;Año;Autores;Libro;Título Capítulo;Ficha de Publicación;ISSN;DOI;Abstract;Acceso;Páginas;Editores;Editorial;Ciudad/País;Idioma
1;2013;Servicios Ecosistémicos;ECO;2014;Donoso, P. J., Gonzalez, M. E., & Lara, A.;Ecología Forestal: Bases para un manejo sustentable de los Bosques Nativos;Full book;;978-956-9412-06-6;;"Este libro constituye una revisión y actualización de la primera edición del libro Ecología Forestal escrito hace ya más de 30 años, así como de los antecedentes sobre estructura y dinámica de bosques entregados hace 20 años en el texto Bosques Templados de Chile y Argentina. Como acertadamente se señala en el prólogo, en el marco del modelo esencialmente economicista en que vivimos, esta sociedad no reconoce, en parte porque lo ignora, que el manejo de los bosques con una base ecológica es necesario. Debemos asegurar que eso sea así y no perder de vista la importancia de los ecosistemas forestales y la necesidad de su conservación. Creemos que el contenido de este libro puede colaborar con ese propósito. La diversidad de temas incorporados se expresa en 19 capítulos que se refieren, entre otros, a la historia del nacimiento y desarrollo de la Ecología Forestal en Chile; las aves, y mamíferos del bosque; cambio climático; hidrobiología; sucesión y dinámica de bosques y la influencia de disturbios en los bosques templados de Chile y Argentina; la silvicultura y manejo de ecosistemas forestales; el manejo integrado de cuencas; los servicios ecosistémicos de los bosques nativos; la ecología de paisajes, restauración e invasiones de plantas en ecosistemas forestales; y la gobernanza del sector forestal chileno, enfatizando las tensiones y conflictos entre las fuerzas de mercado y las demandas ciudadanas.";http://www.edicionesuach.cl/index.php/coleccion-patrimonio-institucional/22-ecologia-forestal-donoso-gonzalez-lara;730;P. J. Donoso, M. E. Gonzalez & A. Lara;Marisa Cuneo Editores;Valdivia, Chile;Español
2;2013;Servicios Ecosistémicos;ECO;2013;Lara, A., Laterra, P., Manson, R., & Barrantes, G.;Servicios Ecosistémicos hídricos: estudios de caso en América Latina y el Caribe;Full book;;978-956-9412-05-9-4;;El libro consta de 16 capítulos que son el resultado del trabajo colaborativo de la red ProAgua financiada por CYTED entre los años 2009 y 2012 y presenta estudios de caso de México, Costa Rica, Cuba, Paraguay, Argentina y Chile, involucrando a 52 autores y co-autores. Cada uno de estos capítulos refleja el esfuerzo de sus autores por conectar distintos aspectos de los ecosistemas y paisajes con sus servicios y sus beneficiarios. Todos estos trabajos comparten el objetivo último de contribuir a recuperar la conciencia del valor de los sistemas naturales para el desarrollo sustentable de los pueblos de Latinoamérica y el Caribe, e incidir sobre la realidad para el logro de una relación más virtuosa entre naturaleza y sociedad. Ecosistemas naturales y transformados son fuente de agua, alimentos, materiales de construcción, medicinas. Los ecosistemas también contribuyen con nuestro bienestar regulando las condiciones ambientales en las que vivimos y llevamos a cabo nuestras actividades productivas. Los bosques y mares regulan la cantidad de gases de invernadero, los cuales a su vez afectan la temperatura promedio del planeta así como la frecuencia de sequías o de huracanes. Los ecosistemas regulan la cantidad de agua que escurre por los ríos, la recarga de los acuíferos, así como la calidad del agua. Los ecosistemas nos brindan además beneficios no tangibles, experiencias o capacidades, que surgen de la interacción entre seres humanos y ecosistemas. Nuestro bienestar físico y emocional, nuestra identidad, sentido de pertenencia e incluso capacidad cognitiva están influenciadas por nuestras interacciones con los ecosistemas. La capacidad de los ecosistemas para ofrecer distintos tipos de servicios se modifica a través de su manejo. Factores económicos, políticos, sociales, culturales, legales y de gobernanza subyacen a las decisiones que llevan a manejar los ecosistemas. La entrega de servicios a la sociedad redunda en cambios en su disponibilidad de bienes materiales, salud, seguridad, buenas relaciones sociales y capacidad de autodeterminación. El libro Servicios ecosistémicos hídricos: estudios de caso en América Latina y el Caribe es un reflejo de la situación de la región y el planeta en tomo a los servicios ecosistémicos. Es fundamental asegurar el mantenimiento de estos servicios para poder ir alcanzando un desarrollo más sustentable. El conjunto de trabajos compilados aquí ofrece una excelente panorámica de los principales desarrollos a la fecha y los retos por venir;http://bibliotecasibe.ecosur.mx/sibe/book/000026135;312;A. Lara, P. Laterra, R. Manson, & G. Barrantes;Red ProAgua CYTED Imprenta América;Valdivia, Chile;Español
3;2013;Dimensión Humana;HD;2013;Moraga Sariego, P.;Energía, cambio climático y sustentabilidad: una mirada desde el derecho;Full book;;978-956-346-361-3;;Uno de los grandes problemas que afecta a la humanidad en la actualidad es el fenómeno del cambio climático, provocado según el informe del Panel Intergubernamental sobre Cambio Climático, IPCC, en sus siglas en inglés (intergovernmental panel on Climate Change) de 2007 por la actividad humana. Los impactos que genera este fenómeno son a la vez económicos, sociales y ambientales. Desde un punto de vista económico, el Informe STERN (2006) concluye que “los beneficios de acciones enérgicas y tempranas superan con creces los costes económicos de la inacción” y cuantifica los daños generados como consecuencia de este fenómeno en 20% o más del PIB global anual. En este sentido se realza el rol que jugarán las inversiones en la evolución de esta problemática global en la segunda mitad del siglo. En materia ambiental y social, el mismo informe advierte sobre las dificultades de acceso a ciertos recursos naturales esenciales, dada la escasez provocada por el cambio climático en materia de recursos hídricos, producción de alimentos y el estado del medio ambiente mundial. En este contexto, el sector energía aparece como uno de los principales responsables de las emisiones de gases de efecto invernadero a la atmósfera, a semejanza de lo que ocurre a nivel nacional en el caso chileno. Respondiendo a esta realidad global y nacional, la presente obra constituye un trabajo mancomunado de destacados académicos extranjeros y nacionales e investigadores en formación, que aportan a través de su propia experiencia nacional una mirada sobre las problemáticas jurídicas planteadas en el marco del desarrollo energético, la problemática del cambio climático y su relación con la protección del medio ambiente, desde la perspectiva propuesta por el desarrollo sustentable.;http://thomsonreuters.cl/PortalLN/carro_new/nw_Ficha_Producto.asp?id_producto=3258;266;P. Moraga Sariego;LegalPublishing : Thomson Reuters;Santiago, Chile;Español
6;2013;Dimensión Humana;HD;2013;Aldunce, P., Levin, V., & León, A.;Disaster risk reduction informing climate change adaptation: Social Capital in Aguita de la Perdiz, n. 29.;A changing environment for human security: transformative approaches to research, policy and action;;978-1-84971-301-6;;This book explores the relationship between environmental change and human security. A total of 38 chapters presents fresh perspectives on global environmental change from an interdisciplinary group of international experts. Building on cutting edge research the chapters in this book call for new, transformative approaches to research, policy and actions. Critical analyses, case studies and reflections on  contemporary environmental and social challenges provide a reality check, but the Authors then describe the breakthrough conditions that underlie transformative approaches to human security, which include perspectives, paradigms, empowerment and integration.;https://www.routledge.com/A-Changing-Environment-for-Human-Security-Transformative-Approaches-to/Sygna-OBrien-Wolf/p/book/9781849713016;336-346;L. Sygna, K. L. O’Brien, & J. Wolf;Routledge;London, UK;Inglés
7;2013;Servicios Ecosistémicos;ECO;2013;Cárcamo, M., Lara, A., Palma, L., Lavado, M., Roco, D., & Bravo, R.;"Proyecto Innova Cuencas APR; Una oportunidad para generar condiciones habilitantes para el desarrollo de comunidades rurales: Hacia la construcción de un modelo de gestión de cuencas en la región de Los Ríos, Chile";Servicios Ecosistémicos hídricos: estudios de caso en América Latina y el Caribe;;978-956-9412-05-9-4;;El libro consta de 16 capítulos que son el resultado del trabajo colaborativo de la red ProAgua financiada por CYTED entre los años 2009 y 2012 y presenta estudios de caso de México, Costa Rica, Cuba, Paraguay, Argentina y Chile, involucrando a 52 autores y co-autores. Cada uno de estos capítulos refleja el esfuerzo de sus autores por conectar distintos aspectos de los ecosistemas y paisajes con sus servicios y sus beneficiarios. Todos estos trabajos comparten el objetivo último de contribuir a recuperar la conciencia del valor de los sistemas naturales para el desarrollo sustentable de los pueblos de Latinoamérica y el Caribe, e incidir sobre la realidad para el logro de una relación más virtuosa entre naturaleza y sociedad. Ecosistemas naturales y transformados son fuente de agua, alimentos, materiales de construcción, medicinas. Los ecosistemas también contribuyen con nuestro bienestar regulando las condiciones ambientales en las que vivimos y llevamos a cabo nuestras actividades productivas. Los bosques y mares regulan la cantidad de gases de invernadero, los cuales a su vez afectan la temperatura promedio del planeta así como la frecuencia de sequías o de huracanes. Los ecosistemas regulan la cantidad de agua que escurre por los ríos, la recarga de los acuíferos, así como la calidad del agua. Los ecosistemas nos brindan además beneficios no tangibles, experiencias o capacidades, que surgen de la interacción entre seres humanos y ecosistemas. Nuestro bienestar físico y emocional, nuestra identidad, sentido de pertenencia e incluso capacidad cognitiva están influenciadas por nuestras interacciones con los ecosistemas. La capacidad de los ecosistemas para ofrecer distintos tipos de servicios se modifica a través de su manejo. Factores económicos, políticos, sociales, culturales, legales y de gobernanza subyacen a las decisiones que llevan a manejar los ecosistemas. La entrega de servicios a la sociedad redunda en cambios en su disponibilidad de bienes materiales, salud, seguridad, buenas relaciones sociales y capacidad de autodeterminación. El libro Servicios ecosistémicos hídricos: estudios de caso en América Latina y el Caribe es un reflejo de la situación de la región y el planeta en tomo a los servicios ecosistémicos. Es fundamental asegurar el mantenimiento de estos servicios para poder ir alcanzando un desarrollo más sustentable. El conjunto de trabajos compilados aquí ofrece una excelente panorámica de los principales desarrollos a la fecha y los retos por venir;http://bibliotecasibe.ecosur.mx/sibe/book/000026135;169-185;A. Lara, P. Laterra, R. Manson, & G. Barrantes;Red ProAgua CYTED Imprenta América;Valdivia, Chile;Español
8;2013;Servicios Ecosistémicos;ECO;2014;Gonzalez, M. E., Amoroso, M., Lara, A., Veblen, T. T., Donoso, C., Kitzberger, T., … Promis, A.;Ecología de disturbios y su influencia en los ecosistemas forestales templados de Chile y Argentina;Ecología Forestal: Bases para un manejo sustentable de los Bosques Nativos;;978-956-9412-06-6;;"Este libro constituye una revisión y actualización de la primera edición del libro Ecología Forestal escrito hace ya más de 30 años, así como de los antecedentes sobre estructura y dinámica de bosques entregados hace 20 años en el texto Bosques Templados de Chile y Argentina. Como acertadamente se señala en el prólogo, en el marco del modelo esencialmente economicista en que vivimos, esta sociedad no reconoce, en parte porque lo ignora, que el manejo de los bosques con una base ecológica es necesario. Debemos asegurar que eso sea así y no perder de vista la importancia de los ecosistemas forestales y la necesidad de su conservación. Creemos que el contenido de este libro puede colaborar con ese propósito. La diversidad de temas incorporados se expresa en 19 capítulos que se refieren, entre otros, a la historia del nacimiento y desarrollo de la Ecología Forestal en Chile; las aves, y mamíferos del bosque; cambio climático; hidrobiología; sucesión y dinámica de bosques y la influencia de disturbios en los bosques templados de Chile y Argentina; la silvicultura y manejo de ecosistemas forestales; el manejo integrado de cuencas; los servicios ecosistémicos de los bosques nativos; la ecología de paisajes, restauración e invasiones de plantas en ecosistemas forestales; y la gobernanza del sector forestal chileno, enfatizando las tensiones y conflictos entre las fuerzas de mercado y las demandas ciudadanas.";http://www.edicionesuach.cl/index.php/coleccion-patrimonio-institucional/22-ecologia-forestal-donoso-gonzalez-lara;411-504;P. J. Donoso, M. E. Gonzalez, & A. Lara;Marisa Cuneo Editores;Valdivia, Chile;Español
9;2013;Servicios Ecosistémicos;ECO;2014;Lara, A., Amoroso, M., Donoso, C., Gonzalez, M. E., Vargas, G. R., Smith-Ramírez, C., … Gutierrez, A. G.;Sucesión y Dinámica de Bosques Templados en Chile;Ecología Forestal: Bases para un manejo sustentable de los Bosques Nativos;;978-956-9412-06-6;;"Este libro constituye una revisión y actualización de la primera edición del libro Ecología Forestal escrito hace ya más de 30 años, así como de los antecedentes sobre estructura y dinámica de bosques entregados hace 20 años en el texto Bosques Templados de Chile y Argentina. Como acertadamente se señala en el prólogo, en el marco del modelo esencialmente economicista en que vivimos, esta sociedad no reconoce, en parte porque lo ignora, que el manejo de los bosques con una base ecológica es necesario. Debemos asegurar que eso sea así y no perder de vista la importancia de los ecosistemas forestales y la necesidad de su conservación. Creemos que el contenido de este libro puede colaborar con ese propósito. La diversidad de temas incorporados se expresa en 19 capítulos que se refieren, entre otros, a la historia del nacimiento y desarrollo de la Ecología Forestal en Chile; las aves, y mamíferos del bosque; cambio climático; hidrobiología; sucesión y dinámica de bosques y la influencia de disturbios en los bosques templados de Chile y Argentina; la silvicultura y manejo de ecosistemas forestales; el manejo integrado de cuencas; los servicios ecosistémicos de los bosques nativos; la ecología de paisajes, restauración e invasiones de plantas en ecosistemas forestales; y la gobernanza del sector forestal chileno, enfatizando las tensiones y conflictos entre las fuerzas de mercado y las demandas ciudadanas.";http://www.edicionesuach.cl/index.php/coleccion-patrimonio-institucional/22-ecologia-forestal-donoso-gonzalez-lara;323-410;P. J. Donoso, M. E. Gonzalez, & A. Lara;Marisa Cuneo Editores;Valdivia, Chile;Español
10;2013;Servicios Ecosistémicos;ECO;2013;Lara, A., Little, C. A., Gonzalez, M. E., & Lobos, D.;Restauración de bosques nativos para aumentar la provisión de agua como un servicio ecosistémico en el centro-sur de Chile: desde las pequeñas cuencas a la escala de paisaje;Servicios Ecosistémicos hídricos: estudios de caso en América Latina y el Caribe;;978-956-9412-05-9-4;;El libro consta de 16 capítulos que son el resultado del trabajo colaborativo de la red ProAgua financiada por CYTED entre los años 2009 y 2012 y presenta estudios de caso de México, Costa Rica, Cuba, Paraguay, Argentina y Chile, involucrando a 52 autores y co-autores. Cada uno de estos capítulos refleja el esfuerzo de sus autores por conectar distintos aspectos de los ecosistemas y paisajes con sus servicios y sus beneficiarios. Todos estos trabajos comparten el objetivo último de contribuir a recuperar la conciencia del valor de los sistemas naturales para el desarrollo sustentable de los pueblos de Latinoamérica y el Caribe, e incidir sobre la realidad para el logro de una relación más virtuosa entre naturaleza y sociedad. Ecosistemas naturales y transformados son fuente de agua, alimentos, materiales de construcción, medicinas. Los ecosistemas también contribuyen con nuestro bienestar regulando las condiciones ambientales en las que vivimos y llevamos a cabo nuestras actividades productivas. Los bosques y mares regulan la cantidad de gases de invernadero, los cuales a su vez afectan la temperatura promedio del planeta así como la frecuencia de sequías o de huracanes. Los ecosistemas regulan la cantidad de agua que escurre por los ríos, la recarga de los acuíferos, así como la calidad del agua. Los ecosistemas nos brindan además beneficios no tangibles, experiencias o capacidades, que surgen de la interacción entre seres humanos y ecosistemas. Nuestro bienestar físico y emocional, nuestra identidad, sentido de pertenencia e incluso capacidad cognitiva están influenciadas por nuestras interacciones con los ecosistemas. La capacidad de los ecosistemas para ofrecer distintos tipos de servicios se modifica a través de su manejo. Factores económicos, políticos, sociales, culturales, legales y de gobernanza subyacen a las decisiones que llevan a manejar los ecosistemas. La entrega de servicios a la sociedad redunda en cambios en su disponibilidad de bienes materiales, salud, seguridad, buenas relaciones sociales y capacidad de autodeterminación. El libro Servicios ecosistémicos hídricos: estudios de caso en América Latina y el Caribe es un reflejo de la situación de la región y el planeta en tomo a los servicios ecosistémicos. Es fundamental asegurar el mantenimiento de estos servicios para poder ir alcanzando un desarrollo más sustentable. El conjunto de trabajos compilados aquí ofrece una excelente panorámica de los principales desarrollos a la fecha y los retos por venir;http://bibliotecasibe.ecosur.mx/sibe/book/000026135;57-78;A. Lara, P. Laterra, R. Manson, & G. Barrantes;Red ProAgua CYTED Imprenta América;Valdivia, Chile;Español
11;2013;Servicios Ecosistémicos;ECO;2014;Lara, A., Little, C., Cortés, M., Cruz, E., Gonzalez, M. E., Echeverria, C., … Coopman, R. E.;Restauración de ecosistemas forestales;Ecología Forestal: Bases para un manejo sustentable de los Bosques Nativos;;978-956-9412-06-6;;"Este libro constituye una revisión y actualización de la primera edición del libro Ecología Forestal escrito hace ya más de 30 años, así como de los antecedentes sobre estructura y dinámica de bosques entregados hace 20 años en el texto Bosques Templados de Chile y Argentina. Como acertadamente se señala en el prólogo, en el marco del modelo esencialmente economicista en que vivimos, esta sociedad no reconoce, en parte porque lo ignora, que el manejo de los bosques con una base ecológica es necesario. Debemos asegurar que eso sea así y no perder de vista la importancia de los ecosistemas forestales y la necesidad de su conservación. Creemos que el contenido de este libro puede colaborar con ese propósito. La diversidad de temas incorporados se expresa en 19 capítulos que se refieren, entre otros, a la historia del nacimiento y desarrollo de la Ecología Forestal en Chile; las aves, y mamíferos del bosque; cambio climático; hidrobiología; sucesión y dinámica de bosques y la influencia de disturbios en los bosques templados de Chile y Argentina; la silvicultura y manejo de ecosistemas forestales; el manejo integrado de cuencas; los servicios ecosistémicos de los bosques nativos; la ecología de paisajes, restauración e invasiones de plantas en ecosistemas forestales; y la gobernanza del sector forestal chileno, enfatizando las tensiones y conflictos entre las fuerzas de mercado y las demandas ciudadanas.";http://www.edicionesuach.cl/index.php/coleccion-patrimonio-institucional/22-ecologia-forestal-donoso-gonzalez-lara;605-672;P. J. Donoso, M. E. Gonzalez, & A. Lara;Marisa Cuneo Editores;Valdivia, Chile;Español
12;2013;Servicios Ecosistémicos;ECO;2013;Little, C. A., Lara, A., & Gonzalez, M. E.;Temperate Rainforest Restoration in Chile (Virtual Field Trip);Ecological restoration: principles, values, and structure of an emerging profession;;978-1-61091-167-2;;Ecological restoration is a rapidly growing discipline that encompasses a wide range of activities and brings together practitioners and theoreticians from a variety of backgrounds and perspectives, ranging from volunteer backyard restorationists to highly trained academic scientists and professional consultants. This book offers a comprehensive and coherent account of the field for everyone who initiates, finances, designs, administers, issues government permits for, manages, and implements ecological restoration projects, and all those who serve in supportive roles. Originally published in 2007, this revised and reorganized edition brings the book up to date with new developments and current trends in the field.  The book also includes case studies and Virtual Field Trips around the world that illustrate points made in the book with on-the-ground information from those who were intimately involved with the projects described. Throughout, ecological restoration is conceived as a holistic endeavor, one that addresses issues of ecological degradation, biodiversity loss, personal engagement, and sustainability science simultaneously, and draws upon cultural resources and local skills and knowledge in restoration work.;https://islandpress.org/book/ecological-restoration-second-edition;190-196;A. F. Clewell & J. Aronson;Island Press;Washington, DC, USA;Inglés
13;2013;Modelación y Sistemas de Observación;MOS;2014;Masson-Delmotte, V., Schulz, M., Abe-Ouchi, A., Beer, J., Ganopolski, A., Rojas, M., …, Timmermann, A.;Information from Paleoclimate Archives;Climate Change 2013 - The Physical Science Basis. Contribution of Working Group I to the Fifth Assessment Report of the Intergovernmental Panel on Climate Change;;978-1-107-41532-4;10.1017/CBO9781107415324.013;This Fifth Assessment Report of the Intergovernmental Panel on Climate Change (IPCC) will again form the standard scientific reference for all those concerned with climate change and its consequences, including students and researchers in environmental science, meteorology, climatology, biology, ecology and atmospheric chemistry. It provides invaluable material for decision makers and stakeholders at international, national and local level, in government, businesses, and NGOs. This volume provides:• An authoritative and unbiased overview of the physical science basis of climate change• A more extensive assessment of changes observed throughout the climate system than ever before• New dedicated chapters on sea-level change, biogeochemical cycles, clouds and aerosols, and regional climate phenomena• Extensive coverage of model projections, both near-term and long-term climate projections• A detailed assessment of climate change observations, modelling, and attribution for every continent• A new comprehensive atlas of global and regional climate projections for 35 regions of the world;http://ebooks.cambridge.org/ref/id/CBO9781107415324A021;383-464;T. F. Stocker, D. Qin, G.-K. Plattner, M. Tignor, S. K. Allen, J. Boschung, … P. M. Midgley;Cambridge University Press;Cambridge, United Kingdom and New York, NY, USA;Inglés
14;2013;Modelación y Sistemas de Observación;MOS;2014;McPhee, J., Cortés, G., Rojas, M., Garcia, L., Descalzi, A., & Vargas, L.;Downscaling Climate Changes for Santiago: What Effects can be Expected?;Climate Adaptation Santiago;;978-3-642-39102-6;10.1007/978-3-642-39103-3_2;This chapter describes the methodology used to analyse climate scenarios and their impact on hydro-meteorological variables in the Metropolitan Region of Santiago de Chile (MRS) and the results thereof. Using a downscaling methodology for future IPCC A2 and B1 scenarios (and B2 for stream flow), temperature, precipitation and secondary variable trends are estimated for the 2045–2065 time frame. The findings suggest that Santiago will be a drier and hotter city in the near future and have a high number of days with extreme temperatures. Lower precipitation rates are expected to lead to decreasing magnitudes in the stream flow of the two main rivers, Maipo and Mapocho, particularly in the summer months. Based on the data presented below, expected climate change impacts are analysed and adaptation needs identified for the MRS.;http://link.springer.com/10.1007/978-3-642-39103-3_2;19-41;K. Krellenberg & B. Hansjürgens;Springer Berlin Heidelberg;Berlin, Heidelberg;Inglés
15;2013;Dimensión Humana;HD;2013;Moraga Sariego, P.;Energía, desarrollo sustentable y derecho internacional;Energía, cambio climático y sustentabilidad: una mirada desde el derecho;;978-956-346-361-3;;Uno de los grandes problemas que afecta a la humanidad en la actualidad es el fenómeno del cambio climático, provocado según el informe del Panel Intergubernamental sobre Cambio Climático, IPCC, en sus siglas en inglés (intergovernmental panel on Climate Change) de 2007 por la actividad humana. Los impactos que genera este fenómeno son a la vez económicos, sociales y ambientales. Desde un punto de vista económico, el Informe STERN (2006) concluye que “los beneficios de acciones enérgicas y tempranas superan con creces los costes económicos de la inacción” y cuantifica los daños generados como consecuencia de este fenómeno en 20% o más del PIB global anual. En este sentido se realza el rol que jugarán las inversiones en la evolución de esta problemática global en la segunda mitad del siglo. En materia ambiental y social, el mismo informe advierte sobre las dificultades de acceso a ciertos recursos naturales esenciales, dada la escasez provocada por el cambio climático en materia de recursos hídricos, producción de alimentos y el estado del medio ambiente mundial. En este contexto, el sector energía aparece como uno de los principales responsables de las emisiones de gases de efecto invernadero a la atmósfera, a semejanza de lo que ocurre a nivel nacional en el caso chileno. Respondiendo a esta realidad global y nacional, la presente obra constituye un trabajo mancomunado de destacados académicos extranjeros y nacionales e investigadores en formación, que aportan a través de su propia experiencia nacional una mirada sobre las problemáticas jurídicas planteadas en el marco del desarrollo energético, la problemática del cambio climático y su relación con la protección del medio ambiente, desde la perspectiva propuesta por el desarrollo sustentable.;http://thomsonreuters.cl/PortalLN/carro_new/nw_Ficha_Producto.asp?id_producto=3258;255-266;P. Moraga Sariego;LegalPublishing : Thomson Reuters;Santiago, Chile;Español
16;2013;Dimensión Humana;HD;2013;Nahuelhual, L., Laterra, P., Carmona, A., Burgos, N., Jaramillo, A., Barral, O., … Villarino, S.;Valuación y mapeo de servicios ecosistémicos: Una revisión y análisis de enfoques metodológicos;Servicios Ecosistémicos hídricos: estudios de caso en América Latina y el Caribe;;978-956-9412-05-9-4;;El libro consta de 16 capítulos que son el resultado del trabajo colaborativo de la red ProAgua financiada por CYTED entre los años 2009 y 2012 y presenta estudios de caso de México, Costa Rica, Cuba, Paraguay, Argentina y Chile, involucrando a 52 autores y co-autores. Cada uno de estos capítulos refleja el esfuerzo de sus autores por conectar distintos aspectos de los ecosistemas y paisajes con sus servicios y sus beneficiarios. Todos estos trabajos comparten el objetivo último de contribuir a recuperar la conciencia del valor de los sistemas naturales para el desarrollo sustentable de los pueblos de Latinoamérica y el Caribe, e incidir sobre la realidad para el logro de una relación más virtuosa entre naturaleza y sociedad. Ecosistemas naturales y transformados son fuente de agua, alimentos, materiales de construcción, medicinas. Los ecosistemas también contribuyen con nuestro bienestar regulando las condiciones ambientales en las que vivimos y llevamos a cabo nuestras actividades productivas. Los bosques y mares regulan la cantidad de gases de invernadero, los cuales a su vez afectan la temperatura promedio del planeta así como la frecuencia de sequías o de huracanes. Los ecosistemas regulan la cantidad de agua que escurre por los ríos, la recarga de los acuíferos, así como la calidad del agua. Los ecosistemas nos brindan además beneficios no tangibles, experiencias o capacidades, que surgen de la interacción entre seres humanos y ecosistemas. Nuestro bienestar físico y emocional, nuestra identidad, sentido de pertenencia e incluso capacidad cognitiva están influenciadas por nuestras interacciones con los ecosistemas. La capacidad de los ecosistemas para ofrecer distintos tipos de servicios se modifica a través de su manejo. Factores económicos, políticos, sociales, culturales, legales y de gobernanza subyacen a las decisiones que llevan a manejar los ecosistemas. La entrega de servicios a la sociedad redunda en cambios en su disponibilidad de bienes materiales, salud, seguridad, buenas relaciones sociales y capacidad de autodeterminación. El libro Servicios ecosistémicos hídricos: estudios de caso en América Latina y el Caribe es un reflejo de la situación de la región y el planeta en tomo a los servicios ecosistémicos. Es fundamental asegurar el mantenimiento de estos servicios para poder ir alcanzando un desarrollo más sustentable. El conjunto de trabajos compilados aquí ofrece una excelente panorámica de los principales desarrollos a la fecha y los retos por venir;http://bibliotecasibe.ecosur.mx/sibe/book/000026135;11-28;A. Lara, P. Laterra, R. Manson, & G. Barrantes;Red ProAgua CYTED Imprenta América;Valdivia, Chile;Español
17;2013;Modelación y Sistemas de Observación;MOS;2014;Stocker, T. F., Qin, D., Plattner, G.-K., Alexander, L. V., Allen, S. K., Rojas,M., … Xie, S.-P.;Summary for Policymakers;Climate Change 2013 - The Physical Science Basis. Contribution of Working Group I to the Fifth Assessment Report of the Intergovernmental Panel on Climate Change;;978-1-107-41532-4;10.1017/CBO9781107415324.005;This Fifth Assessment Report of the Intergovernmental Panel on Climate Change (IPCC) will again form the standard scientific reference for all those concerned with climate change and its consequences, including students and researchers in environmental science, meteorology, climatology, biology, ecology and atmospheric chemistry. It provides invaluable material for decision makers and stakeholders at international, national and local level, in government, businesses, and NGOs. This volume provides:• An authoritative and unbiased overview of the physical science basis of climate change• A more extensive assessment of changes observed throughout the climate system than ever before• New dedicated chapters on sea-level change, biogeochemical cycles, clouds and aerosols, and regional climate phenomena• Extensive coverage of model projections, both near-term and long-term climate projections• A detailed assessment of climate change observations, modelling, and attribution for every continent• A new comprehensive atlas of global and regional climate projections for 35 regions of the world;http://ebooks.cambridge.org/ref/id/CBO9781107415324A021;1-30;T. F. Stocker, D. Qin, G. K. Plattner, M. Tignor, S. K. Allen, J. Boschung, … P. M. Midgley;Cambridge University Press;Cambridge, United Kingdom and New York, NY, USA;Inglés
18;2013;Modelación y Sistemas de Observación;MOS;2014;Stocker, T. F., Qin, D., Plattner, G.-K., Alexander, L. V., Allen, S. K., Rojas,M., … Xie, S.-P.;Technical Summary;Climate Change 2013 - The Physical Science Basis. Contribution of Working Group I to the Fifth Assessment Report of the Intergovernmental Panel on Climate Change;;978-1-107-41532-4;10.1017/CBO9781107415324.005;This Fifth Assessment Report of the Intergovernmental Panel on Climate Change (IPCC) will again form the standard scientific reference for all those concerned with climate change and its consequences, including students and researchers in environmental science, meteorology, climatology, biology, ecology and atmospheric chemistry. It provides invaluable material for decision makers and stakeholders at international, national and local level, in government, businesses, and NGOs. This volume provides:• An authoritative and unbiased overview of the physical science basis of climate change• A more extensive assessment of changes observed throughout the climate system than ever before• New dedicated chapters on sea-level change, biogeochemical cycles, clouds and aerosols, and regional climate phenomena• Extensive coverage of model projections, both near-term and long-term climate projections• A detailed assessment of climate change observations, modelling, and attribution for every continent• A new comprehensive atlas of global and regional climate projections for 35 regions of the world;http://ebooks.cambridge.org/ref/id/CBO9781107415324A021;33-115;T. F. Stocker, D. Qin, G. K. Plattner, M. Tignor, S. K. Allen, J. Boschung, … P. M. Midgley;Cambridge University Press;Cambridge, United Kingdom and New York, NY, USA;Inglés
19;2013;Dimensión Humana;HD;2013;Villarroel, S.;Gestión estratégica de stakeholders en un proyecto de energías renovables no convencionales: Lecciones del caso del proyecto eólico Chiloé;Energía, cambio climático y sustentabilidad: una mirada desde el derecho;;978-956-346-361-3;;Uno de los grandes problemas que afecta a la humanidad en la actualidad es el fenómeno del cambio climático, provocado según el informe del Panel Intergubernamental sobre Cambio Climático, IPCC, en sus siglas en inglés (intergovernmental panel on Climate Change) de 2007 por la actividad humana. Los impactos que genera este fenómeno son a la vez económicos, sociales y ambientales. Desde un punto de vista económico, el Informe STERN (2006) concluye que “los beneficios de acciones enérgicas y tempranas superan con creces los costes económicos de la inacción” y cuantifica los daños generados como consecuencia de este fenómeno en 20% o más del PIB global anual. En este sentido se realza el rol que jugarán las inversiones en la evolución de esta problemática global en la segunda mitad del siglo. En materia ambiental y social, el mismo informe advierte sobre las dificultades de acceso a ciertos recursos naturales esenciales, dada la escasez provocada por el cambio climático en materia de recursos hídricos, producción de alimentos y el estado del medio ambiente mundial. En este contexto, el sector energía aparece como uno de los principales responsables de las emisiones de gases de efecto invernadero a la atmósfera, a semejanza de lo que ocurre a nivel nacional en el caso chileno. Respondiendo a esta realidad global y nacional, la presente obra constituye un trabajo mancomunado de destacados académicos extranjeros y nacionales e investigadores en formación, que aportan a través de su propia experiencia nacional una mirada sobre las problemáticas jurídicas planteadas en el marco del desarrollo energético, la problemática del cambio climático y su relación con la protección del medio ambiente, desde la perspectiva propuesta por el desarrollo sustentable.;http://thomsonreuters.cl/PortalLN/carro_new/nw_Ficha_Producto.asp?id_producto=3258;125-150;P. Moraga Sariego;LegalPublishing : Thomson Reuters;Santiago, Chile;Español
4;2014;Dimensión Humana;HD;2014;Cadenas, H., Arnoldo, M., & Urquiza, A.;La Organización de las Organizaciones Sociales: aplicaciones desde perspectivas sistemicas.;Full book;;978-956-01-0098-6;;Las organizaciones como un sistema social. Esa es la premisa bajo la cual el libro nos presenta una acabada revisión de 19 ensayos de destacados académicos y especialistas, que tratan sobre las organizaciones sociales, cómo se originan y por qué, cómo funcionan internamente, las atribuciones que han tomando y se les han otorgado, la proyección de ellas en la sociedad, sus nexos con grupos específicos y los problemas que deben enfrentar, entre otros tópicos. Los autores nos invitan a desmenuzar las organizaciones sociales y la influencia que tienen en nuestras vidas, determinando el actuar social y valórico. Una necesaria revisión que nos acerca a entender la importancia de contar con ellas, de conocerlas, y de comprender el lugar que se les atribuye para conducir nuestros propios intereses y necesidades.;http://www.digitaliapublishing.com/a/29852/;496;H. Cadenas, M. Arnoldo & A. Urquiza;RIL EDITORES;Santiago, Chile;Español
20;2014;Dimensión Humana;HD;2015;Adler, C., Aldunce, P., Indvik, K., Alegría, D., Borquez, R., & Galaz, V.;Chapter 43: Climate resilience: taking stock, moving forward;Research handbook on climate governance;;978-1-78347-059-4;;The 2009 United Nations climate conference in Copenhagen is often represented as a watershed in global climate politics, when the diplomatic efforts to negotiate a successor agreement to the Kyoto Protocol failed and was replaced by a fragmented and decentralized climate governance order. In the post-Copenhagen landscape the top-down universal approach to climate governance has gradually given way to a more complex, hybrid and dispersed political landscape involving multiple actors, arenas and sites. The Handbook contains contributions from more than 50 internationally leading scholars and explores the latest trends and theoretical developments of the climate governance scholarship.;http://www.e-elgar.com/shop/research-handbook-on-climate-governance;491-502;K. Bäckstrand & E. Lövbrand;Edward Elgar Publishing;Cheltenham, UK Northampton, MA, USA;Inglés
21;2014;Modelación y Sistemas de Observación;MOS;2014;Benedetti, A., Baldasano, J. M., Basart, S., Benincasa, F., Boucher, O., Huneeus, N., … Zhou, C.-H.;Operational Dust Prediction;Mineral Dust;;978-94-017-8977-6;10.1007/978-94-017-8978-3_10;Over the last few years, numerical prediction of dust aerosol concentration has become prominent at several research and operational weather centres due to growing interest from diverse stakeholders, such as solar energy plant managers, health professionals, aviation and military authorities and policymakers. Dust prediction in numerical weather prediction-type models faces a number of challenges owing to the complexity of the system. At the centre of the problem is the vast range of scales required to fully account for all of the physical processes related to dust. Another limiting factor is the paucity of suitable dust observations available for model, evaluation and assimilation. This chapter discusses in detail numerical prediction of dust with examples from systems that are currently providing dust forecasts in near real-time or are part of international efforts to establish daily provision of dust forecasts based on multi-model ensembles. The various models are introduced and described along with an overview on the importance of dust prediction activities and a historical perspective. Assimilation and evaluation aspects in dust prediction are also discussed.;http://link.springer.com/10.1007/978-94-017-8978-3_10;223-265;P. Knippertz & J. W. Stuut;Springer Netherlands;Dordrecht;Inglés
22;2014;Biogeoquímica;BGQ;2013;Díez, B., & Ininbergs, K.;Ecological importance of cyanobacteria;Cyanobacteria: An Economic Perspective;;978-1-118-40223-8;10.1002/9781118402238.ch3;Cyanobacteria inhabit all possible habitats, performing crucial ecological services. Cyanobacterial photopigments generate a great diversity in color. They exhibit several types of chromatic adaptation, regulated at transcriptional and postranscriptional levels. Though all cyanobacteria are fundamentally oxygenic photosynthetic organisms, some species can switch their metabolic mode to, for example, anoxygenic photosynthesis, using sulfide. Many cyanobacteria produce extracellular polysaccharide (EPS) sheaths, which act as a buffer zone between the cell and the environment, and contribute to desiccation tolerance. In nitrogen-limited photic environments (especially those lacking nitrate and ammonium), cyanobacteria are the main diazotrophic (nitrogen-fixing) organisms. The process of nitrogen fixation is catalyzed by the enzyme nitrogenase. Diazotrophic cyanobacteria have evolved several strategies with different degrees of complexity to protect their nitrogenase from oxygen, which is present in the surrounding medium and also produced intracellularly.;http://doi.wiley.com/10.1002/9781118402238.ch3;41-63;N. K. Sharma, A. K. Rai, & L. J. Stal;John Wiley & Sons, Ltd;Chichester, UK;Inglés
23;2014;Servicios Ecosistémicos;ECO;2014;Little, C., & Lara, A.;Servicios ecosistémicos de los bosques nativos del centro sur de Chile;Ecología Forestal: Bases para un manejo sustentable de los Bosques Nativos;;978-956-9412-06-6;;"Este libro constituye una revisión y actualización de la primera edición del libro Ecología Forestal escrito hace ya más de 30 años, así como de los antecedentes sobre estructura y dinámica de bosques entregados hace 20 años en el texto Bosques Templados de Chile y Argentina. Como acertadamente se señala en el prólogo, en el marco del modelo esencialmente economicista en que vivimos, esta sociedad no reconoce, en parte porque lo ignora, que el manejo de los bosques con una base ecológica es necesario. Debemos asegurar que eso sea así y no perder de vista la importancia de los ecosistemas forestales y la necesidad de su conservación. Creemos que el contenido de este libro puede colaborar con ese propósito. La diversidad de temas incorporados se expresa en 19 capítulos que se refieren, entre otros, a la historia del nacimiento y desarrollo de la Ecología Forestal en Chile; las aves, y mamíferos del bosque; cambio climático; hidrobiología; sucesión y dinámica de bosques y la influencia de disturbios en los bosques templados de Chile y Argentina; la silvicultura y manejo de ecosistemas forestales; el manejo integrado de cuencas; los servicios ecosistémicos de los bosques nativos; la ecología de paisajes, restauración e invasiones de plantas en ecosistemas forestales; y la gobernanza del sector forestal chileno, enfatizando las tensiones y conflictos entre las fuerzas de mercado y las demandas ciudadanas.";http://www.edicionesuach.cl/index.php/coleccion-patrimonio-institucional/22-ecologia-forestal-donoso-gonzalez-lara;323-408;P. J. Donoso, M. E. Gonzalez, & A. Lara;Marisa Cuneo Editores;Valdivia, Chile;Español
24;2014;Servicios Ecosistémicos;ECO;2014;Gonzalez, M. E.;Chapter 14: Post-fire passive restoration of Andean Araucaria-Nothofagus forests;Ecosystem Restoration using native tree species.;;978-92-5-108469-4;;There is renewed interest in the use of native tree species in ecosystem restoration for their biodiversity benefits. Growing native tree species in production systems (e.g. plantation forests and subsistence agriculture) can also ensure landscape functionality and support for human livelihoods. Achieving these full benefits requires consideration of genetic aspects that are often neglected, such as suitability of germplasm to the site, quality and quantity of the genetic pool used and regeneration potential. Understanding the extent and nature of gene flow across fragmented agro-ecosystems is also crucial to successful ecosystem restoration. We review the role of genetic considerations in a wide range of ecosystem restoration activities involving trees and evaluate how different approaches take, or could take, genetic aspects into account, leading towards the identification and selection of the most appropriate methods.;http://www.bioversityinternational.org/e-library/publications/detail/genetic-considerations-in-ecosystem-restoration-using-native-tree-species/;151-156;M. Bozzano, R. Jalonen, E. Thomas, D. Boshier, L. Gallo, S. Cavers, … J. Loo;Food and Agriculture Organizations of the United Nations and Bioversity International;Rome, Italy;Inglés
25;2014;Dimensión Humana;HD;2014;Moraga Sariego, P.;Regards sur certaines conventions environnementales en droit chilien : une contribution au développement d’une économie «bas-carbone»;Contrat et environnement;;978-2-7314-0945-1;;La dégradation de l’environnement constitue un enjeu incontournable pour le droit.  Pour y faire face, tous les instruments juridiques sont mobilisés. Parmi eux, jouant un rôle essentiel comme outil de gestion des risques environnementaux et de protection de l’environnement, le contrat occupe une place essentielle en droit français et dans un grand nombre de droits étrangers. Permettant de lutter contre des pollutions spécifiques ou globales, de préserver certaines ressources naturelles et la qualité de vie des habitants, de gérer les conséquences néfastes de la dégradation de l’environnement pour l’homme et la nature, conclus entre des personnes publiques et/ou privées (État, entreprises, propriétaires, ONG, etc.), résultant de certains dispositifs juridiques de droit interne, international ou européen, ou créés par les destinataires eux mêmes, les contrats environnementaux recouvrent aujourd’hui une grande diversité. Portant un regard local et global sur les relations contrats/environnement, le but de cet ouvrage est de mettre au jour l’importance prise par le contrat environnemental dans tout un ensemble de droits étrangers pour, in fine, parvenir à un enrichissement des techniques françaises de protection de l’environnement. Les contributions réunies dans cet ouvrage sont le fruit d’une recherche concernant « le contrat et l’environnement » soutenue par la Mission de recherche Droit et Justice et dirigée par Mathilde Hautereau-Boutonnet.;http://fr.bruylant.larciergroup.com/titres/132712/;145-156;M. Boutonnet;Bruylant;Paris, France;Francés
26;2014;Dimensión Humana;HD;2014;Urquiza, A.;Resiliencia y adaptación en sistemas organizacionales;La Organización de las Organizaciones Sociales: aplicaciones desde perspectivas sistemicas.;;978-956-01-0098-6;;Las organizaciones como un sistema social. Esa es la premisa bajo la cual el libro nos presenta una acabada revisión de 19 ensayos de destacados académicos y especialistas, que tratan sobre las organizaciones sociales, cómo se originan y por qué, cómo funcionan internamente, las atribuciones que han tomando y se les han otorgado, la proyección de ellas en la sociedad, sus nexos con grupos específicos y los problemas que deben enfrentar, entre otros tópicos. Los autores nos invitan a desmenuzar las organizaciones sociales y la influencia que tienen en nuestras vidas, determinando el actuar social y valórico. Una necesaria revisión que nos acerca a entender la importancia de contar con ellas, de conocerlas, y de comprender el lugar que se les atribuye para conducir nuestros propios intereses y necesidades.;http://www.digitaliapublishing.com/a/29852/;171-187;H. Cadenas, M. Arnoldo, & A. Urquiza;RIL EDITORES;Santiago, Chile;Español
5;2015;Dimensión Humana;HD;2015;Moraga Sariego, P., Boutonnet, M., Saint-Pau, J. C., Cafferatta, N., Tapia, M., Ríos, S., … Aristegui, J. P.;El principio precautorio en el derecho comparado;Full book;;978-956-362-087-0;;El interés por el principio precautorio y su aparición en el debate político y legal motiva el trabajo colectivo dirigido por la Misión de Investigación Derecho y Justicia, con el objeto de investigar la influencia de este principio en el derecho comparado. Es por esto que en diciembre de 2013 se realiza una jornada de estudios en la Facultad de Derecho de la Universidad de Chile, a través del Centro de Derecho Ambiental y del Centro Fondap de la Ciencia del Clima y la Resiliencia, con la colaboración de la Universidad Aix Marseille en Provence, Ceric, y el apoyo del Ministerio de Justicia francés, con el fin de intercambiar ideas sobre el contenido y la aplicación de este principio en el régimen de responsabilidad, desde la perspectiva ambiental, civil y penal y su difusa consagración en la legislación comparada, en particular en el derecho francés, chileno, argentino y brasileño. Los resultados de este encuentro se plasman en la presente obra.;http://www.uchile.cl/publicaciones/121875/el-principio-precautorio-en-el-derecho-comparado;210;P. Moraga Sariego, M.Boutonnet, J. C. Saint-Pau;Editorial Gráfica LOM;Chile;Español
27;2016;Dimensión Humana;HD;2016;Blanco, G.;Abriendo la caja negra del Cambio Climático: Claves para comprender su trayectoria política en América Latin;Cambio Ambiental Global, Estado y Valor Público: La Cuestión Socio-Ecológica en América Latina, entre Justicia Ambiental y “Legítima” Depredación.;;978-958-775-740-8;;"Este capítulo se plantea dos objetivos alrededor de los cuales se organizará la información: 1. delinear las trayectorias del cambio climático como fenómeno político identificando el surgimiento de nuevas formas de intervención sociotécnica; 2. identificar algunos aspectos de interés del proceso de traducción de las políticas globales de cambio climático en las agendas nacionales de algunos países latinoamericanos. Finalmente, a modo de conclusión, se presentan claves para una comprensión crítica del proceso de la institucionalización del cambio climático en el espacio público latinoamericano.";http://www.clacso.org.ar/libreria-latinoamericana/buscar_libro_detalle.php?id_libro=1178;45-66;A. Lampis;Centro de Estudios Sociales (CES), Consejo Latinoamericano de Ciencias Sociales (CLACSO), Pontificia Universidad Católica de Perú (PUCP);Universidad Nacional de Colombia. Bogotá.;Español
28;2016;Modelación y Sistemas de Observación;MOS;2016;Gallardo, L., Mayol-Bracero, O. L., & Belalcazar, L. C.;Key Message 1;Integrated Assessment of Short-Lived Climate Pollutants for Latin America and the Caribbean: Improving air quality while mitigating climate change. Summary for decision makers;;978-92-807-3549-9;;"Summary for Decision Makers from the first regional assessment of short-lived climate pollutants in the Latin America and Caribbean (LAC) region. Through this assessment, policy makers and implementers will be able to better quantify and understand the relevant emissions in the region; identify which measures are most important for delivering near-term climate and air pollution benefits; and estimate the reductions in regional air pollutants that could be achieved by implementing these measures, with associated health and crop-yield  benefits for the LAC region.";http://www.ccacoalition.org/en/resources/integrated-assessment-short-lived-climate-pollutants-latin-america-and-caribbean-summary;08/09/18;G. Raga & P. Artaxo;United Nations Environment Programme;Nairobi, Kenya;Inglés
29;2016;Transversal;T;2016;Lazzarino, S., Otero, S., Pohl, N., & Tondreau, N.;Comunica tu Ciencia;Simposio de Comunicación Científica. Comunicación científica como profesión, formación, responsabilidades y roles;;978-9968-9695-5-0;;Dentro de los indicadores de desempeño de la investigación científica en Chile, la divulgación ocupa una lugar cada vez más importante. Ante esta necesidad de comunicación, se ofreció en 2015 el taller «Comunica tu ciencia» dirigido a estudiantes de postgrado de diversos centros de investigación y que consistió en una jornada teórico-práctica donde se revisaron conceptos de comunicación científica, el funcionamiento de los medios de comunicación y el estado de la divulgación realizada por científicos en Chile. Al finalizar el taller, los estudiantes presentaron proyectos diseñados a través de la metodología design thinking y participaron de un entrenamiento de vocería.;http://investiga.uned.ac.cr/simposiopcstcr/wp-content/uploads/sites/22/2015/11/Dossier-Simposio-PCST-Costa-Rica.pdf;258-261;A. Umaña & A. León;Vicerrectoría de Investigación, Universidad Estatal a Distancia;San José, Costa Rica;Español
30;2016;Dimensión Humana;HD;2017;ORyan, R., & Ibarra, C.;Environmental Policy in Latin America;Global Encyclopedia of Public Administration, Public Policy, and Governance;"<a href=""http://bit.ly/2qUhG4t"">Ver ficha</a>";978-3-319-31816-5;10.1007/978-3-319-31816-5_2670-1;This work serves as a comprehensive collection of global scholarship regarding the vast fields of public administration and public policy. Written and edited by leading international scholars and practitioners, this exhaustive resource covers all areas of the twin fields of study. In keeping with the multidisciplinary spirit of these fields, the entries make use of various theoretical, empirical, analytical, practical, and methodological bases of knowledge. The encyclopedia provides a snapshot of the most current research in public administration and public policy, covering such important areas as: 1. organization theory, behavior, change and development 2. administrative theory and practice 3. bureaucracy 4. public budgeting and financial management 5. public finance and public management 6. public personnel and labor-management relations 7. crisis and emergency management 8. institutional theory and public administration 9. law and regulations 10. ethics and accountability Relevant to professionals, experts, scholars, general readers, and students worldwide, this work will serve as the most viable global reference source for those looking for an introduction to the field.​;http://dx.doi.org/10.1007/978-3-319-31816-5_2670-1;01/09/18;A. Farazmand;Springer International Publishing;Cham, Switzerland;Inglés
31;2016;Biogeoquímica;BGQ;2016;Santoro, C., Osorio, D., Ugalde, P. C., Sepulveda, M., Cartajena, I., Gayo, E. M., … Nuñez, L.;Capítulo 3: Cazadores, Recolectores y pescadores Arcaicos del Desierto de Atacama. Entre el Pacífico y los Andes, Norte de Chile;Prehistoria en Chile: desde sus primeros habitantes hasta los Incas;;978-956-11-2513-1;;"Este libro contiene una puesta al día de lo que se sabe acerca de los pueblos que habitaron lo que actualmente es el territorio de Chile, antes de la llegada de los conquistadores españoles. En trece capítulos preparados por destacados especialistas en cada uno de los temas tratados, el lector asistirá a la llegada de los primeros pobladores hace unos 13.000 años; a la epopeya del descubrimiento de los muy diversos territorios de este largo y angosto país, marcado por desiertos, bosques, nieves y hielos, con sólo dos elementos comunes: la majestad de la cordillera de los Andes y el océano Pacífico, fuente inagotable de recursos. Después de conocer a los diversos cazadores y recolectores del mar y de la tierra, se describen los primeros pasos de los pueblos hacia la domesticación de plantas y animales, al nacimiento de tecnologías necesarias para la sobrevivencia y a la formación de formas complejas de vida social. Termina esta obra cuando parte importante de lo que hoy es Chile queda bajo el extenso imperio Inca del Tawantinsuyo.";http://www.uchile.cl/publicaciones/128715/prehistoria-en-chile-desde-sus-primeros-habitantes-hasta-los-incas;117-180;F. Falabella, M. Uribe, L. Sanhueza, C. Aldunate, & J. Hidalgo;Editorial Universitaria;Santiago,Chile;Español
32;2018;Gobernanza e Interfaz Ciencia y Política;Gobernanza;2017;Foxley, A., Blanco, G.;La política del ambiente en América Latina: una aproximación desde el cambio ambiental global;Educación ambiental en Chile: (des)territorialización de una política pública;;978-607-28-0932-1;;A partir de la década de 1970, la educación ambiental ha sido una herramienta fundamental para enfrentar la crisis socioambiental global generada por los actuales modos de desarrollo capitalistas, incorporándose en las agendas públicas de organismos internacionales y de gobiernos de diversos países. En Chile se reconoce que la educación ambiental emerge en la década de 1990, a partir de iniciativas formales e informales, permanentes y transitorias, autogestionadas y dependientes de instituciones públicas o privadas. Este capítulo está centrado en el ámbito de la educación formal y surge de una investigación que tuvo por objetivo describir y analizar –desde una perspectiva no lineal y situada en el sur del país– los procesos de territorialización de la política pública de educación ambiental en Chile, a partir de uno de sus instrumentos principales: el Sistema Nacional de Certificación Ambiental de Establecimientos Educacionales (SNCAE). A partir de metodologías de investigación social cualitativa, revisión documental y trabajo etnográfico multisituado, nos aproximamos a actores involucrados en la operación de las políticas y el SNCAE en el plano global, nacional, regional y local. Esta metodología permitió reconocer y analizar procesos de institucionalización e internalización, entendidos como modos específicos de territorialización de la política pública, reconociendo en las escuelas rurales de la comuna de Panguipulli, en la región de Los Ríos (sur de Chile), un espacio de contacto entre las iniciativas de educación ambiental emanadas desde las instituciones globales y nacionales, y aquellas que son resignificadas desde las comunidades educativas según sus propios modos de relacionarse con el territorio. A la luz de la investigación, nos parece interesante describir y reconocer los modos en que la educación ambiental se incorpora a la educación formal desde los espacios regionales, para comprender en forma situada las representaciones y condiciones de posibilidad que surgen para el cambio ambiental local en territorios distantes del norte global y del centro nacional.;https://www.clacso.org.ar/libreria-latinoamericana/libro_detalle.php?id_libro=1240&pageNum_rs_libros=0&totalRows_rs_libros=1180;207-238;Günther, M. G., Gutiérrez, R. A.;UAM Xochimilco / CLACSO;México, México;Español
33;2018;Gobernanza e Interfaz Ciencia y Política;Gobernanza;2018;Moraga Sariego, P., Meckievi, S.;América latina y el orden mundial contemporáneo:;El aporte de la legislación especial de cambio climático frente a los compromisos internacionales. Análisis a la luz de la experiencia comparada.;;978-958-772-837-8;;;https://books.google.cl/books?id=NDRNDwAAQBAJ;15 – 48;Alvaro, P. A. A., Lira, C. D.;Universidad Externado de Colombia;Colombia;Español
34;2018;Cambio de Uso de Suelo;Suelo;2018;Zamorano-Elqueta,c.;Silvicultura en Bosques Nativos. Experiencias en silvicultura y restauración en Chile, Argentina y el oeste de Estados Unidos;Capitulo 8: ¿Silvopastoreo en los bosques templados del sur de Chile?. Perspectivas para un manejo forestal y ganadero sustentable;;978-0-692-09238-5;;Los procesos de degradación de bosques, tanto por alteraciones intensivas (explotación de bosques a tala rasa, sustitución por otras clases de uso del suelo, incendios, etc.) como por alteraciones que pueden ser de baja intensidad (ganadería, tala selectiva, etc.) han sido ampliamente estudiados en diversos ecosistemas forestales. Estos factores de alteración, en especial la ganadería y la tala selectiva o floreo, se ha demostrado que cambian la diversidad y composición de especies de plantas, lo que puede a su vez influenciar la funcionalidad de la comunidad y del ecosistema. Sin embargo, menos atención se ha dado a comprender cómo la regeneración de especies forestales responde a tales alteraciones. En Chile la mayor parte de los bosques nativos se encuentran expuestos a una actividad ganadera irregular, siendo utilizados como fuente de forraje y refugio en especial en la temporada invernal. Esta actividad se realiza incluso en poblaciones de especies amenazadas o en ecosistemas de alto valor de conservación, sin evaluar el potencial impacto que el ganado pueda tener en la persistencia de las especies de flora. En este capítulo se presentan diversos antecedentes que demuestran la extrema urgencia de regular la actividad ganadera en bosques nativos, más aún cuando éstos son expuestos simultáneamente a otras actividades productivas como la tala selectiva. A partir del análisis de la influencia del ganado en la regeneración forestal se proponen aproximaciones de investigación y métodos silvícolas para evaluar, regular y monitorear la ganadería forestal. Esto es especialmente relevante al considerar que el ganado constituye la principal fuente de ingreso de miles de familias campesinas. Un mayor control en pequeñas y medianas propiedades podría generar una mayor presión de ganadería ilegal en las grandes propiedades de difícil control perimetral, incluyendo áreas protegidas del Estado. Para orientar una adecuada planificación y regulación de la actividad ganadera en bosques nativos resultados como los expuestos en este capítulo debiesen ser considerados en la legislación ambiental. Por ejemplo, considerar que los impactos de la ganadería en los ecosistemas dependen también del estado sucesional de los bosques, lo que debiese ser incluido en los esquemas de manejo evaluados por la Corporación Nacional Forestal (CONAF). Ello permitiría regular una actividad que, como se presenta en este capítulo, tiene notables influencias en los ecosistemas forestales. Es también necesario reconocer la variable vocación productiva de los territorios, con diferentes potencialidades y limitaciones que hacen necesaria una política regional acorde con los intereses y características locales;https://www.researchgate.net/profile/Alvaro_Promis/publication/324262315_Silvicultura_en_bosques_nativos_Experiencias_en_silvicultura_y_restauracion_en_Chile_Argentina_y_el_oeste_de_Estados_Unidos/links/5ac7abbeaca272abdc5cf65f/Silvicultura-en-bosques-nativos-Experiencias-en-silvicultura-y-restauracion-en-Chile-Argentina-y-el-oeste-de-Estados-Unidos.pdf;157-167;Pablo J. Donoso, Álvaro Promis y Daniel P. Soto;OSU College of Forestry;Corvallis, Oregon, USA;Español
35;2018;Ciudades Resilientes;Ciudades;2018;Gallardo, L., Mayol-Bracero, O., Belalcazar, L., Picolotti, Marín, P.;Integrated Assessment of Short-Lived Climate Pollutants for Latin America and the Caribbean: improving air quality while mitigating climate change.;Introduction;;978-92-807-3549-9;;;http://ccacoalition.org/en/resources/integrated-assessment-short-lived-climate-pollutants-latin-america-and-caribbean;8-17;G. Raga & P. Artaxo;United Nations Environment Programme;Nairobi, Kenya;Inglés
36;2018;Agua y Extremos;Extremos;2018;"Morales, M.S., Christie, D.A., Neukom, R., Rojas, F. &amp; Villalba, R.";La Puna argentina: Naturaleza y cultura;Variabilidad hidroclimática en el sur del Altiplano: pasado, presente y futuro;;978-950-668-032-9;;Las sequías en el Altiplano tienen un alto impacto sobre la dinámica de los ecosistemas regionales y las actividades socioeconómicas de las poblaciones locales. Es por esto que identificar los patrones espaciales de distribución de las lluvias, su evolución temporal%%%y sus proyecciones futuras resultan de gran prioridad. Los objetivos del presente estudio son (1) analizar los principales patrones temporales de las variaciones hidroclimáticas en el sur del Altiplano (19º-23ºS) durante los últimos 600-700 años y (2) proveer sustento a las proyecciones hidroclimáticas para el siglo XXI. Para ello, utilizamos econstrucciones hidroclimáticas basadas en anillos de crecimiento de árboles, mediciones instrumentales de la precipitación y los resultados de un ensamble de ocho modelos predictivos de circulación general. El análisis conjunto de estos datos nos permite desarrollar una perspectiva de los cambios hidroclimáticos del siglo XXI en un contexto multicentenal. Los resultados de las reconstrucciones paleoclimáticas desarrolladas para el Altiplano han permitido caracterizar el rango de la variabilidad hidroclimática natural a diferentes escalas temporales durante los últimos 700 años. Estos%%%registros documentan una disminución sostenida de las lluvias durante la segunda mitad del siglo XX, sin precedentes en los últimos 700 años. Los resultados de los modelos de circulación general de la atmósfera señalan una marcada disminución de las lluvias en el Altiplano bajo diferentes escenarios de emisión de gases de efecto invernadero (GEI), consistente con las tendencias observadas en las reconstrucciones y los datos instrumentales durante el siglo XX.%%%Basados en estas proyecciones, el Altiplano experimentará una reducción en la precipitación fuera del rango de variabilidad natural del sistema climático registrado para el último milenio. Estos resultados alertan sobre la necesidad de planificar y aplicar estrategias adaptativas, para reducir los efectos negativos frente a la futura escasez de agua en la región.;http://lillo.org.ar/publicaciones/serie-conservacion-de-la-naturaleza;75-91;Grau, H.R., Babot, M.J., Izquierdo, A.E.,  Grau, A.;Fundación Miguel Lillo, Ministerio de Educación de la Nación Argentina;Buenos Aires/Argentina;Español
37;2018;Gobernanza e Interfaz entre Ciencia y Política;Gobernanza;2018;Moraga Sariego, P.;El Acuerdo de París sobre el Cambio Climático: ¿un acuerdo histórico o una oportunidad perdida? Análisis jurídico y perspectivas futuras;Mecanismos de cumplimiento del Acuerdo de París;;978-84-9197-632-5;;;https://dialnet.unirioja.es/servlet/libro?codigo=722266;245-258;Borràs Pentinant, S., Villavicencio Calzadilla, P.M.;Thomson Reuters (Legal) Limited;Cizur Menor (Navarra) / España;Español
38;2018;"Agua y Extremos
";Extremos;2018;Crespo, S., Fernandoy, F. Muñoz, A.;Achievements and Challenges of Integrated River Basin Management;Hydro-Geochemical Water Inputs Identification in Glacierized Basin Hydrology;;978-1-78923-482-4 978-1-78923-483-1;10.5772/intechopen.75390;Mining activities are usually placed in the upper basin regions, especially in developing countries, with economies that strongly rely on natural commodities. Although glaciers do not occupy a large area of these mountain ranges, they deliver vital water for downstream populations. This is especially relevant during drought periods, when winter precipitation is strongly diminished and ice melt becomes relevant. They are also a key resource for highland wetland ecosystems and paradoxically at the same time for the development of megamining projects. Regularly, for environmental impact assessments and relevant public consultations, it will be stated that water from glaciers does not constitute an important source within the basin system, even though this has not been accurately quantified. Different water sources, given by spatial, geological, and hydrological features, can be identified using a combination of ionic and isotopic information from water, thus allowing to establish their proportions downstream, where water from different origins is mixed, and also to track their evolution over seasons. This approach should be useful especially for basins with strong pressures for the exploitation and consumption of water in mountainous basins and also with special relevance for basins with little or no knowledge of their water system and reservoirs;http://www.intechopen.com/books/achievements-and-challenges-of-integrated-river-basin-management/hydro-geochemical-water-inputs-identification-in-glacierized-basin-hydrology;33-48;Komatina, D.;"IntechOpen Limited
";London/UK;Inglés
39;2019;Ciudades Resilientes;Ciudades;2019;Smith, P., Lamarca, C. , Henríquez, C.;Urban climates in Latin America;A Comparative Study of Thermal Comfort in Public Spaces in the Cities of Concepción and Chillán, Chile;;978-3-319-97012-7;10.1007/978-3-319-97013-4_6;"One way of evaluating the impact of urban climate on human health and the quality of life is through the sensation of thermal comfort, which depends on a series of parameters, such as the physiological, psychological, meteorological, and morphological factors of the city. In this context, this chapter focuses on evaluating and integrating the measurement of instrumental comfort, perceptual comfort, and urban morphology in public spaces for two Chilean cities. For this purpose, pedestrian urban canyons representative of the city centers are selected: the pedestrian walkway Arauco in the city of Chillán and the pedestrian walkway Barros Arana in the city of Concepción. The survey was carried out during the months of January 2016 and February 2014 and included meteorological parameter measurements of atmospheric temperature, relative humidity, wind speed and direction, in 2-h intervals. The comfort indicators of Olgyay, the Temperature–Humidity Index, and the Actual Sensation Vote were calculated. In addition, a survey of comfort perception was conducted according to an adaptation of Cheng’s proposal. For the purposes of urban morphology, three-dimensional constructions and vegetation were modeled. A significant correlation is observed between instrumental indicators and perceived comfort; this is clearly demonstrated by the greater discomfort declared by permanent residents of Chillán. The importance of planning the structure and urban morphology of the canyons stands out as it regulates heights; materiality and green spaces that help to reduce the causes of discomfort in the summer. More studies are needed to determine winter comfort.";http://link.springer.com/10.1007/978-3-319-97013-4_6;111-134;Henríquez, C., Romero, H.;Springer International Publishing;Cham, Switzerland;Inglés
40;2019;Cambio de Uso de Suelo;Suelo;2018;Gómez-González, S.;Ecología de la regeneración de zonas incendiadas;Vulnerabilidad del matorral mediterráneo de Chile a los incendios forestales: apuntes para su recuperación y conservación;;978-84-09-05946-1;;El  fuego  no  parece  haber  sido  un  factor  evolutivo  relevante  en  la  formación  de  los caracteres de las plantas en el matorral mediteráneo de Chile central. Aunque mu-chas de sus especies leñosas pueden rebrotar, la germinación estimulada por fuego es menos frecuente que en otros ecosistemas mediterráneos. Las señales del fuego (humo y/o calor) inhiben la germinación en casi el 40% de las especies nativas evaluadas hasta ahora, muchas de ellas endémicas y de gran valor para la conservación. Por otro lado, los espacios  abiertos  del  matorral  están  dominados  por  especies  herbáceas  exóticas,  que son muy favorecidas por el fuego. Los incendios frecuentes causan gran mortalidad en el banco de semillas nativo y van generando nuevos espacios abiertos que, a su vez, son colonizados por exóticas. Los herbívoros podrían determinar el patrón de reclutamiento tras los incendios, dado que afectan de forma diferencial a especies nativas y exóticas. Por otro lado, el cultivo de plantaciones forestales extensivas ha cambiado la inflama-bilidad del paisaje de Chile central, suponiendo un mayor riesgo de incendios para los bosques nativos aledaños. Las evidencias sugieren que el matorral requiere medidas de restauración activas para poder recuperarse del fuego. Chile central requiere diversificar el uso del suelo y recuperar parte de sus bosques nativos para diseñar nuevos paisajes más resilientes a los incendios en el contexto de cambio climático que se está haciendo presente.;https://www.uv.es/jgpausas/papers/Garcia-Novo-2018_Ecolog%C3%ADa-de-la-regeneraci%C3%B3n-de-zonas-incendiadas.pdf;163-174;García-Novo, F., Casal, M., Pausas, J.G.;Academia de Ciencias Sociales y del Medio Ambiente de Andalucía;Sevilla/España;Español
41;2019;Zonas Costeras;Costas;2018;Rondanelli, R., Rutllant, J., Molina, A., Arriagada, A., Fuentes, R.;Aluviones y resiliencia en Atacama. Construyendo saberes sobre riesgos y desastres;Gatillantes oceánicos y atmosféricos de la tormenta de Atacama de marzo de 2015;;978-956-19-1115-4;;¿Qué necesita saber una comunidad que ha vivido un desastre socionatural para poder transformarlo en una oportunidad para vivir mejor? El 25 de marzo del 2015 (25M) la fuerza de las comunidades de Atacama fue puesta a prueba una vez más cuando severos aluviones, provocados por un evento de intensas lluvias, bajaron por las quebradas afectando principalmente las localidades ubicadas a orillas del río Salado y Copiapó. Dejando más de treinta y cinco mil damnificados, causando la muerte y desaparición de cuarenta y siete personas y enormes daños materiales, este episodio generó un contexto de incertidumbre en todos los ámbitos de la vida y vino a mostrar, una vez más, la situación de vulnerabilidad estructural de su población ante amenazas naturales propias de un desierto imperecedero pero dinámico, como el de Atacama. Para comprender lo sucedido en la región de Atacama con los aluviones del 2015, se requiere ir más allá del mes de marzo y del contexto regional. Los estudios que se presentan en este libro articulan la situación actual con la precedente, para configurar la complejidad del fenómeno y sus impactos a partir de las señales entregadas por la historia. Tanto la sociedad como la naturaleza han manifestado sus desacoples y sus ajustes, por lo que el conocimiento científico que hemos generado busca también en ellos las explicaciones de lo ocurrido en la actualidad. Así, el análisis de las antiguas y nuevas amenazas se propone en este libro como la llave del conocimiento del riesgo al que se enfrenta la región, con la intención de retratar en el presente también el registro del pasado que lo conforma. Es esta profundidad la que nos permite pensar la experiencia del desastre como una oportunidad de reconocernos colectivamente en sus características, evitando repetir los mismos errores y reinventar las mismas soluciones.;http://www.libros.uchile.cl/838;95-115;Vargas, G., Pérez, S., Aldunce, P.;Social-Ediciones;Santiago, Chile;Español
42;2019;Agua y Extremos;Agua;2018;Aldunce, P., Mena, D., Lillo, G.;Aluviones y resiliencia en Atacama. Construyendo saberes sobre riesgos y desastres;Conocimiento e información como pilares para la construcción de resiliencia;;978-956-19-1115-4;;¿Qué necesita saber una comunidad que ha vivido un desastre socionatural para poder transformarlo en una oportunidad para vivir mejor? El 25 de marzo del 2015 (25M) la fuerza de las comunidades de Atacama fue puesta a prueba una vez más cuando severos aluviones, provocados por un evento de intensas lluvias, bajaron por las quebradas afectando principalmente las localidades ubicadas a orillas del río Salado y Copiapó. Dejando más de treinta y cinco mil damnificados, causando la muerte y desaparición de cuarenta y siete personas y enormes daños materiales, este episodio generó un contexto de incertidumbre en todos los ámbitos de la vida y vino a mostrar, una vez más, la situación de vulnerabilidad estructural de su población ante amenazas naturales propias de un desierto imperecedero pero dinámico, como el de Atacama. Para comprender lo sucedido en la región de Atacama con los aluviones del 2015, se requiere ir más allá del mes de marzo y del contexto regional. Los estudios que se presentan en este libro articulan la situación actual con la precedente, para configurar la complejidad del fenómeno y sus impactos a partir de las señales entregadas por la historia. Tanto la sociedad como la naturaleza han manifestado sus desacoples y sus ajustes, por lo que el conocimiento científico que hemos generado busca también en ellos las explicaciones de lo ocurrido en la actualidad. Así, el análisis de las antiguas y nuevas amenazas se propone en este libro como la llave del conocimiento del riesgo al que se enfrenta la región, con la intención de retratar en el presente también el registro del pasado que lo conforma. Es esta profundidad la que nos permite pensar la experiencia del desastre como una oportunidad de reconocernos colectivamente en sus características, evitando repetir los mismos errores y reinventar las mismas soluciones.;http://www.libros.uchile.cl/838;293-317;Vargas, G., Pérez, S., Aldunce, P.;Social-Ediciones;Santiago, Chile;Español
43;2019;Agua y Extremos;Agua;2018;Vargas, G., Pérez, S., Aldunce, P.;Aluviones y resiliencia en Atacama. Construyendo saberes sobre riesgos y desastres;Prólogo;;978-956-19-1115-4;;¿Qué necesita saber una comunidad que ha vivido un desastre socionatural para poder transformarlo en una oportunidad para vivir mejor? El 25 de marzo del 2015 (25M) la fuerza de las comunidades de Atacama fue puesta a prueba una vez más cuando severos aluviones, provocados por un evento de intensas lluvias, bajaron por las quebradas afectando principalmente las localidades ubicadas a orillas del río Salado y Copiapó. Dejando más de treinta y cinco mil damnificados, causando la muerte y desaparición de cuarenta y siete personas y enormes daños materiales, este episodio generó un contexto de incertidumbre en todos los ámbitos de la vida y vino a mostrar, una vez más, la situación de vulnerabilidad estructural de su población ante amenazas naturales propias de un desierto imperecedero pero dinámico, como el de Atacama. Para comprender lo sucedido en la región de Atacama con los aluviones del 2015, se requiere ir más allá del mes de marzo y del contexto regional. Los estudios que se presentan en este libro articulan la situación actual con la precedente, para configurar la complejidad del fenómeno y sus impactos a partir de las señales entregadas por la historia. Tanto la sociedad como la naturaleza han manifestado sus desacoples y sus ajustes, por lo que el conocimiento científico que hemos generado busca también en ellos las explicaciones de lo ocurrido en la actualidad. Así, el análisis de las antiguas y nuevas amenazas se propone en este libro como la llave del conocimiento del riesgo al que se enfrenta la región, con la intención de retratar en el presente también el registro del pasado que lo conforma. Es esta profundidad la que nos permite pensar la experiencia del desastre como una oportunidad de reconocernos colectivamente en sus características, evitando repetir los mismos errores y reinventar las mismas soluciones.;http://www.libros.uchile.cl/838;13-19;Vargas, G., Pérez, S., Aldunce, P.;Social-Ediciones;Santiago, Chile;Español
44;2019;Agua y Extremos;Agua;2018;Vargas, G., Pérez, S., Aldunce, P.;Aluviones y resiliencia en Atacama. Construyendo saberes sobre riesgos y desastres;Full book;;978-956-19-1115-4;;¿Qué necesita saber una comunidad que ha vivido un desastre socionatural para poder transformarlo en una oportunidad para vivir mejor? El 25 de marzo del 2015 (25M) la fuerza de las comunidades de Atacama fue puesta a prueba una vez más cuando severos aluviones, provocados por un evento de intensas lluvias, bajaron por las quebradas afectando principalmente las localidades ubicadas a orillas del río Salado y Copiapó. Dejando más de treinta y cinco mil damnificados, causando la muerte y desaparición de cuarenta y siete personas y enormes daños materiales, este episodio generó un contexto de incertidumbre en todos los ámbitos de la vida y vino a mostrar, una vez más, la situación de vulnerabilidad estructural de su población ante amenazas naturales propias de un desierto imperecedero pero dinámico, como el de Atacama. Para comprender lo sucedido en la región de Atacama con los aluviones del 2015, se requiere ir más allá del mes de marzo y del contexto regional. Los estudios que se presentan en este libro articulan la situación actual con la precedente, para configurar la complejidad del fenómeno y sus impactos a partir de las señales entregadas por la historia. Tanto la sociedad como la naturaleza han manifestado sus desacoples y sus ajustes, por lo que el conocimiento científico que hemos generado busca también en ellos las explicaciones de lo ocurrido en la actualidad. Así, el análisis de las antiguas y nuevas amenazas se propone en este libro como la llave del conocimiento del riesgo al que se enfrenta la región, con la intención de retratar en el presente también el registro del pasado que lo conforma. Es esta profundidad la que nos permite pensar la experiencia del desastre como una oportunidad de reconocernos colectivamente en sus características, evitando repetir los mismos errores y reinventar las mismas soluciones.;http://www.libros.uchile.cl/838;11-357;Vargas, G., Pérez, S., Aldunce, P.;Social-Ediciones;Santiago, Chile;Español
45;2019;Ciudades Resilientes;;2019;Gallardo, L.;La protección del medio ambiente: reflexiones para una reforma constitucional;Introducción: Antropoceno en Chile y oportunidades para un desarrollo sostenible y resiliente.;;;;;www.uchile.cl/publicaciones/155741/la-proteccion-del-medio-amb-reflexiones-para-una-ref-constitucional;103-110;Moraga, P.;Editorial Jurídica de Chile;Santiago, Chile;Español
46;2019;Gobernanza e Interfaz Ciencia y Política;;2019;Hervé, D.;La protección del medio ambiente: reflexiones para una reforma constitucional;Tratamiento constitucional de los recursos naturales en el contexto de la justicia ambiental.;;;;;www.uchile.cl/publicaciones/155741/la-proteccion-del-medio-amb-reflexiones-para-una-ref-constitucional;125-148;Moraga, P.;Editorial Jurídica de Chile;Santiago, Chile;Español
47;2019;Gobernanza e Interfaz Ciencia y Política;;2019;Moraga Sariego, P.;La protección del medio ambiente: reflexiones para una reforma constitucional;Introducción general. Proceso de reforma constitucional y protección del medio ambiente.;;;;;www.uchile.cl/publicaciones/155741/la-proteccion-del-medio-amb-reflexiones-para-una-ref-constitucional;15-24;Moraga, P.;Editorial Jurídica de Chile;Santiago, Chile;Español
48;2019;Gobernanza e Interfaz Ciencia y Política;;2019;Moraga Sariego, P.;La protección del medio ambiente: reflexiones para una reforma constitucional;La protección del medio ambiente: reflexiones para una reforma constitucional;;;;;www.uchile.cl/publicaciones/155741/la-proteccion-del-medio-amb-reflexiones-para-una-ref-constitucional;7-168;Moraga, P.;Editorial Jurídica de Chile;Santiago, Chile;Español
49;2019;"Ciudades Resilientes; Gobernanza e Interfaz entre Ciencia y Política";;2019;Osses, M., Ibarra, C., Silva, B.;El sol al servicio de la humanidad: Historia de la energía solar en Chile;Introducción. Historias solares de Chile en el tiempo y en la sociedad;;;;La energía solar en Chile parece ser una novedad del siglo XXI. Sin embargo, tenemos variadas experiencias previas que conectan esa relevancia actual con un pasado solar, interesante y muchas veces sorprendente. Iniciativas como la desalación de agua en el siglo XIX, la obtención de registros solares desde 1920, la creación de un archivo solarimétrico a mediados del siglo XX, así como el diseño e implementación de tecnologías solares, desde los sesenta en adelante nos confirman que existe una historia solar en Chile, que vale la pena recuperar. En ocasiones, da la impresión que el desarrollo de la energía solar fuera intermitente, pero a pesar de esa apariencia de discontinuidad, hay una continuidad que ha estado presente desde sus inicios: la estructura de un trabajo en equipo, de distintas generaciones de ingenieros y técnicos que se han conectado, de un modo u otro, a través de la energía solar. Este libro se construyó bajo esa misma premisa, de conectar y vincular a distintos actores de la energía solar en Chile, y crear a través de estas páginas un espacio de articulación de iniciativas, temporalidades, especialidades y protagonismos. Al concentrarnos en el pasado, buscamos también llegar a aquellos que en algún futuro integrarán estas historias solares.;;11-24;Osses, M., Ibarra, C., Silva, B.;RiL editores;Santiago, Chile;Español
50;2019;"Ciudades Resilientes; Gobernanza e Interfaz entre Ciencia y Política";;2019;Osses, M., Ibarra, C., Silva, B.;El sol al servicio de la humanidad: Historia de la energía solar en Chile;Conclusión. Energía solar, su historia y su futuro;;;;La energía solar en Chile parece ser una novedad del siglo XXI. Sin embargo, tenemos variadas experiencias previas que conectan esa relevancia actual con un pasado solar, interesante y muchas veces sorprendente. Iniciativas como la desalación de agua en el siglo XIX, la obtención de registros solares desde 1920, la creación de un archivo solarimétrico a mediados del siglo XX, así como el diseño e implementación de tecnologías solares, desde los sesenta en adelante nos confirman que existe una historia solar en Chile, que vale la pena recuperar. En ocasiones, da la impresión que el desarrollo de la energía solar fuera intermitente, pero a pesar de esa apariencia de discontinuidad, hay una continuidad que ha estado presente desde sus inicios: la estructura de un trabajo en equipo, de distintas generaciones de ingenieros y técnicos que se han conectado, de un modo u otro, a través de la energía solar. Este libro se construyó bajo esa misma premisa, de conectar y vincular a distintos actores de la energía solar en Chile, y crear a través de estas páginas un espacio de articulación de iniciativas, temporalidades, especialidades y protagonismos. Al concentrarnos en el pasado, buscamos también llegar a aquellos que en algún futuro integrarán estas historias solares.;;207-215;Osses, M., Ibarra, C., Silva, B.;RiL editores;Santiago, Chile;Español
51;2019;"Ciudades Resilientes; Zonas Costeras";;2019;Osses, M., Roth, M., Rondanelli, R.;El sol al servicio de la humanidad: Historia de la energía solar en Chile;Datos solarimétricos: mediciones y registros;;;;La energía solar en Chile parece ser una novedad del siglo XXI. Sin embargo, tenemos variadas experiencias previas que conectan esa relevancia actual con un pasado solar, interesante y muchas veces sorprendente. Iniciativas como la desalación de agua en el siglo XIX, la obtención de registros solares desde 1920, la creación de un archivo solarimétrico a mediados del siglo XX, así como el diseño e implementación de tecnologías solares, desde los sesenta en adelante nos confirman que existe una historia solar en Chile, que vale la pena recuperar. En ocasiones, da la impresión que el desarrollo de la energía solar fuera intermitente, pero a pesar de esa apariencia de discontinuidad, hay una continuidad que ha estado presente desde sus inicios: la estructura de un trabajo en equipo, de distintas generaciones de ingenieros y técnicos que se han conectado, de un modo u otro, a través de la energía solar. Este libro se construyó bajo esa misma premisa, de conectar y vincular a distintos actores de la energía solar en Chile, y crear a través de estas páginas un espacio de articulación de iniciativas, temporalidades, especialidades y protagonismos. Al concentrarnos en el pasado, buscamos también llegar a aquellos que en algún futuro integrarán estas historias solares.;;45-78;Osses, M., Ibarra, C., Silva, B.;RiL editores;Santiago, Chile;Español
52;2019;Gobernanza e Interfaz Ciencia y Política;;2019;Rojas, M.;La protección del medio ambiente: reflexiones para una reforma constitucional;Introducción: Contexto biofísico y humano del cambio climático en Chile: escenarios climáticos y vulnerabilidad de Chile.;;;;;www.uchile.cl/publicaciones/155741/la-proteccion-del-medio-amb-reflexiones-para-una-ref-constitucional;57-66;Moraga, P.;Editorial Jurídica de Chile;Santiago, Chile;Español
53;2019;Gobernanza e Interfaz Ciencia y Política;;2019;Román, R., Ibarra, C.;El sol al servicio de la humanidad: Historia de la energía solar en Chile;El desarrollo de la energía solar en Chile, una visión integradora;;;;La energía solar en Chile parece ser una novedad del siglo XXI. Sin embargo, tenemos variadas experiencias previas que conectan esa relevancia actual con un pasado solar, interesante y muchas veces sorprendente. Iniciativas como la desalación de agua en el siglo XIX, la obtención de registros solares desde 1920, la creación de un archivo solarimétrico a mediados del siglo XX, así como el diseño e implementación de tecnologías solares, desde los sesenta en adelante nos confirman que existe una historia solar en Chile, que vale la pena recuperar. En ocasiones, da la impresión que el desarrollo de la energía solar fuera intermitente, pero a pesar de esa apariencia de discontinuidad, hay una continuidad que ha estado presente desde sus inicios: la estructura de un trabajo en equipo, de distintas generaciones de ingenieros y técnicos que se han conectado, de un modo u otro, a través de la energía solar. Este libro se construyó bajo esa misma premisa, de conectar y vincular a distintos actores de la energía solar en Chile, y crear a través de estas páginas un espacio de articulación de iniciativas, temporalidades, especialidades y protagonismos. Al concentrarnos en el pasado, buscamos también llegar a aquellos que en algún futuro integrarán estas historias solares.;;145-180;Osses, M., Ibarra, C., Silva, B.;RiL editores;Santiago, Chile;Español
54;2019;Gobernanza e Interfaz Ciencia y Política;;2019;Roth, M., Sarmiento, P., Ibarra, C.;El sol al servicio de la humanidad: Historia de la energía solar en Chile;Tecnologías de transformación de energía solar y algunas aplicaciones;;;;La energía solar en Chile parece ser una novedad del siglo XXI. Sin embargo, tenemos variadas experiencias previas que conectan esa relevancia actual con un pasado solar, interesante y muchas veces sorprendente. Iniciativas como la desalación de agua en el siglo XIX, la obtención de registros solares desde 1920, la creación de un archivo solarimétrico a mediados del siglo XX, así como el diseño e implementación de tecnologías solares, desde los sesenta en adelante nos confirman que existe una historia solar en Chile, que vale la pena recuperar. En ocasiones, da la impresión que el desarrollo de la energía solar fuera intermitente, pero a pesar de esa apariencia de discontinuidad, hay una continuidad que ha estado presente desde sus inicios: la estructura de un trabajo en equipo, de distintas generaciones de ingenieros y técnicos que se han conectado, de un modo u otro, a través de la energía solar. Este libro se construyó bajo esa misma premisa, de conectar y vincular a distintos actores de la energía solar en Chile, y crear a través de estas páginas un espacio de articulación de iniciativas, temporalidades, especialidades y protagonismos. Al concentrarnos en el pasado, buscamos también llegar a aquellos que en algún futuro integrarán estas historias solares.;;79-126;Osses, M., Ibarra, C., Silva, B.;RiL editores;Santiago, Chile;Español
55;2019;Cambio de Uso de Suelo;;2019;Meserve, P. L., Gómez-González, S.,  Kelt, D.A.;Reference Module in Earth Systems and Environmental Sciences;The Chilean matorral: characteristics, biogeography, and disturbance;;;;The matorral or Mediterranean scrub biome occurs within a narrow band of central Chile between approximately 30 and 38 S latitude. Bounded on the east by the Andean Cordillera and on the west by the Pacific Ocean, the area is characterized by a winter-wet, summer-dry climate, generally frost-free winters, and prolonged summer drought. A diverse flora includes many sclerophyllous shrubs, some drought-deciduous ones, and an herbaceous understory during winter and spring months. However, within the latter, exotic species which have become naturalized now make up a substantial proportion of the ephemeral flora. Matorral perennial shrub vegetation displays considerable endemicity, and is structurally convergent with Mediterranean scrub in California, Spain, and the Mediterranean Basin. Among higher vertebrates, herptiles, birds and small mammals exhibit broad geographic ranges in the matorral and lower species turnover between habitats (b-diversity) than in other Mediterranean scrub areas. Despite low taxonomic affinity, similar to perennial shrubs, there is convergence in major body types, feeding guilds and foraging techniques. Due to anthropogenic disturbance including clearing, fire, and extensive overgrazing/browsing, there are relatively few intact examples of undisturbed matorral left, and greater effort needs to be expended to preserve this highly unique biome. Long-term studies at a thorn scrub site on the northern edge of the matorral suggests that altered rainfall patterns have led to changes in the small mammal assemblage composition. Over time, such effects may also become manifest in the central Chilean matorral.;https://linkinghub.elsevier.com/retrieve/pii/B9780124095489119852;B9780124095489119852;Scott, Elias (Editor in Chief);Elsevier;Amsterdam, Paises Bajos;Inglés
56;2019;Gobernanza e Interfaz Ciencia y Política;;2019;Sapiains, R.;La protección del medio ambiente: reflexiones para una reforma constitucional;Percepciones del cambio climático en la población chilena: Implicancias para la política pública y una nueva constitución;;978-956-10-2521-9;;;www.uchile.cl/publicaciones/155741/la-proteccion-del-medio-amb-reflexiones-para-una-ref-constitucional;67-76;Moraga, P.;Editorial Jurídica de Chile;Santiago, Chile;Español
57;2020;Cambio de Uso de Suelo;;2019;"Gligo, N.; Merino, M.; Acevedo, G.; Morales, C.; Ruiz, R.; Lara, A.; Urrutia, R.; Reyes, R; Gonzalez, M. E.; Miranda, A.; Altamirano, A.; Zamorano-Elgueta, C.; Jaksic, F.; Mella, D.; Pfeiffer, M.; Canales, M.; Bravo, R.; Diaz, H.; Herrera, M.; Lopez, E.; Lagos, G.; Peters, J.; Jara, J.; Saa, R.; Araya, P.; Lanyon, C.; Alvarez, S.; Brzovic, F.";Resumen y versión inglés del “Informe País: Estado del Medio Ambiente en Chile 2018”;CHAPTER 3: NATIVE FOREST;;;;La presente publicación es un Resumen del “Informe País: Estado del Medio Ambiente en Chile 2018” cuya autoría pertenece a la Universidad de Chile, a través del Centro de Análisis de Políticas Públicas del Instituto de Asuntos Públicas. Los autores de partes y de capítulos de este Informe pertenecen principalmente a académicos de esta Universidad, además de autorías de académicos de otras universidades. Dirección: Nicolo Gligo. Autores: Nicolo Gligo, Manuel Merino y Gerardo Acevedo, César Morales, Reinaldo Ruiz, Antonio Lara, Rocío Urrutia, René Reyes, Mauro González, Alejandro Miranda, Adison Altamirano, Carlos Zamorano, Fabián M. Jaksic, Daniella Mella, Marco Pfeiffer, Mauricio González, Mauricio Canales , Ricardo Bravo, Humberto Díaz, Manuel Herrera, Erika López, Gustavo Lagos, David Peters, José J. Jara, René Saa, Paz Araya, Carla Lanyon, Sebastián Álvarez, Francisco Brzovic. Resúmenes: José Leal, Andrea MatteBaker, (traducción). Revisión Especializada: Daslav Ursić. Diseño y Diagramación: Pedro A. Klarián. “Informe País: Estado del Medio Ambiente en Chile 2018” En: www.iap.uchile.cl centro de análisis de políticas públicas;http://www.cr2.cl/wp-content/uploads/2019/12/Informe-pais-estado-del-medio-ambiente-en-chile-2018.pdf;16-17;Pérez, M. I.;Centro de Análisis de Políticas Públicas del Instituto de Asuntos Públicos de la Universidad de Chile;Santiago, Chile;Español, Inglés
